3	synytsim	synytsim@oregonstate.edu		United States		verified
4	diazsega	diazsega@oregonstate.edu				verified
5	MazzaH0316	mazzah@oregonstate.edu				verified
6	richarm4	richarm4@oregonstate.edu				verified
7	barkeret	barkeret@oregonstate.edu				verified
8	plipp	lippp@oregonstate.edu				verified
9	david	zagerd@oregonstate.edu				verified
10	roeserc	roeserc@oregonstate.edu				verified
11	bhaveesh	beemires@oregonstate.edu				verified
12	BobbySinclusto	benjamal@oregonstate.edu				verified
13	glasserl	glasserl@oregonstate.edu				verified
14	robert	longrob@oregonstate.edu				verified
15	leeim	leeim@oregonstate.edu				verified
16	CGA15	asburych@oregonstate.edu				verified
17	gaetepma	gaetepma@oregonstate.edu				verified
18	KaiMorita	moritamk@oregonstate.edu				verified
19	TheRetroGuy	bryantvc@oregonstate.edu				verified
20	twistl	twistl@oregonstate.edu				verified
21	Pernixia	wilsocod@oregonstate.edu				verified
22	hallaig	hallaig@oregonstate.edu				verified
23	arighorbani	ghorbana@oregonstate.edu				verified
24	hutchgeo	hutchgeo@oregonstate.edu				verified
25	huangjef	huangjef@oregonstate.edu				verified
26	Asa Kohn	kohna@oregonstate.edu				verified
27	yashsankanagouda	sankanay@oregonstate.edu				verified
28	greenwot	greenwot@oregonstate.edu				verified
29	Mr1Vgy	pearsoda@oregonstate.edu				verified
30	liam9794	robbinli@oregonstate.edu				verified
31	kwonk	kwonk@oregonstate.edu				verified
32	haralamn	haralamn@oregonstate.edu				verified
33	domothe	meshorea@oregonstate.edu				verified
34	caden	burkecad@oregonstate.edu				verified
35	blakeefuller	fullerbl@oregonstate.edu				verified
36	paul	simkop@oregonstate.edu				verified
37	NiranjanV	varman@oregonstate.edu				verified
38	Eduardo2001	gonzedua@oregonstate.edu				verified
39	machj-sudo	machj@oregonstate.edu				verified
40	gonzarli	gonzalri@oregonstate.edu				verified
41	melcherj	melcherj@oregonstate.edu				verified
42	wwwaterfall	mrazike@oregonstate.edu				verified
43	thomsadi	thomsadi@oregonstate.edu				verified
44	krivosad	krivosad@oregonstate.edu				verified
45	thricegreatX	martidev@oregonstate.edu				verified
46	biedermj	biedermj@oregonstate.edu				verified
47	Hershbja	hershbja@oregonstate.edu				verified
49	hardinse	hardinse@oregonstate.edu				verified
50	SkyBoundCaptain	nairnhoc@oregonstate.edu				verified
51	lutzbry123	lutzbry@oregonstate.edu				verified
52	stevenvu79	vus@oregonstate.edu				verified
53	landerja	landerja@oregonstate.edu				verified
54	yorke	yorke@oregonstate.edu				verified
55	BespokeFire	perezand@oregonstate.edu				verified
56	consiq	robertsq@oregonstate.edu				verified
57	logo	barrono@oregonstate.edu				verified
58	hocke	hocke@oregonstate.edu				verified
59	babalj23	babalj@oregonstate.edu				verified
60	chabe	chabe@oregonstate.edu				verified
61	youngjov	youngjov@oregonstate.edu				verified
62	MoisesFalcon	falcomoi@oregonstate.edu				verified
63	a14	goodmchr@oregonstate.edu				verified
64	hunteret07	hunteret@oregonstate.edu				verified
65	hawkeys	hawkeys@oregonstate.edu				verified
66	blue6048	kiernanj@oregonstate.edu				verified
67	jamefrog	jameandy@oregonstate.edu				verified
68	allenc1190	chanall@oregonstate.edu				verified
69	tannerparks	parksta@oregonstate.edu				verified
70	luwa	luwa@oregonstate.edu				verified
71	funkmastermiles	wedemeym@oregonstate.edu				verified
72	verzinoc	verzinoc@oregonstate.edu				verified
73	escotom	escotom@oregonstate.edu				verified
74	Jeevan	jeevanj@oregonstate.edu				verified
75	TristonO	osbortri@oregonstate.edu				verified
76	Alaric	hartsoca@oregonstate.edu	United States		verified
77	imacarrot	trankr@oregonstate.edu				verified
78	artemkolpakov	kolpakoa@oregonstate.edu				verified
79	aidanwroos	roosai@oregonstate.edu				verified
80	alothman	alothman@oregonstate.edu				verified
81	robergav	robergav@oregonstate.edu				verified
82	Ka Lun Galant Lam	lamkalu@oregonstate.edu				verified
83	renzemad	renzemad@oregonstate.edu				verified
84	phamga	phamga@oregonstate.edu				verified
85	chribran	chribran@oregonstate.edu				verified
86	jamalaso	jamalaso@oregonstate.edu				verified
87	limjos	limjos@oregonstate.edu				verified
88	malhardamle	damlema@oregonstate.edu				verified
89	manuguim	manuguim@oregonstate.edu				verified
90	campbel2	campbel2@oregonstate.edu				verified
91	jeffrrya	jeffrrya@oregonstate.edu				verified
92	schofija	schofija@oregonstate.edu				verified
93	hastim	hastim@oregonstate.edu				verified
94	yili	yili@oregonstate.edu				verified
95	garcluca	garcluca@oregonstate.edu				verified
96	Warner	greenbaum@oregonstate.edu
97	greenbaw	greenbaw@oregonstate.edu				verified
98	xushu	xushu@oregonstate.edu				verified
99	HellaJeff	robbijef@oregonstate.edu				verified
100	alienfoetus	colleyc@oregonstate.edu				verified
